measure,hazard,haz_type,cost_Assets,ben_aai_Assets,bcr_aai_Assets,npv_aai_Assets,ben_rp250_Assets,bcr_rp250_Assets,npv_rp250_Assets,approv,feas
Beach nourishment,TCs,TC,1728000000.0,4517198185.092691,2.6141193200767887,10838168291.6995,299568570358.5532,173.3614411797183,772525162382.027,3,0.3375112946886174
Building code,TCs,TC,9200000000.0,3838841619.1980476,0.41726539339109214,11516524857.594143,268023433185.1451,29.132981867950555,804070299555.435,4,0.12421462640606051
Mangroves,TCs,TC,1311768360.8515418,5605043952.614649,4.272891556079386,9750322524.177542,375619177956.07117,286.3456606867968,696474554784.509,4,0.6548397089888831
Seawall,TCs,TC,8878779433.630093,557040.1777401129,6.273837320817043e-05,15354809436.61445,0.0,0.0,1072093732740.5802,3,0.9953485719974862
no measure,TCs,TC,0.0,0.0,0.0,15355366476.79219,0.0,0.0,1072093732740.5802,1,0.36620692266169996
